datetime,value,kind
2025-01-01,0.059660061788899814,stationary_noise
2025-01-02,0.11292980960688744,stationary_noise
2025-01-03,0.04336477551320173,stationary_noise
2025-01-04,0.005866880646250593,stationary_noise
2025-01-05,-0.10031420002164522,stationary_noise
2025-01-06,0.18559948811710636,stationary_noise
2025-01-07,-0.13562548779087044,stationary_noise
2025-01-08,-0.09666384925227638,stationary_noise
2025-01-09,-0.1678035073486559,stationary_noise
2025-01-10,0.027455238635099206,stationary_noise
2025-01-11,-0.2531803203199056,stationary_noise
2025-01-12,0.25383248941645814,stationary_noise
2025-01-13,-0.031151723615587802,stationary_noise
2025-01-14,0.02104118428811476,stationary_noise
2025-01-15,-0.01689796757208323,stationary_noise
2025-01-16,0.055817086337470394,stationary_noise
2025-01-17,0.08250499335970143,stationary_noise
2025-01-18,-0.02282673980798087,stationary_noise
2025-01-19,-0.058328802223892966,stationary_noise
2025-01-20,0.033401924645459595,stationary_noise
2025-01-21,0.07875642499203107,stationary_noise
2025-01-22,-0.05313369858319683,stationary_noise
2025-01-23,-0.024630894883121035,stationary_noise
2025-01-24,-0.11139326913250458,stationary_noise
2025-01-25,-0.04918874890534811,stationary_noise
2025-01-26,-0.04252688285032471,stationary_noise
2025-01-27,0.19169781263326635,stationary_noise
2025-01-28,-0.016647438621372187,stationary_noise
2025-01-29,0.10625640574472116,stationary_noise
2025-01-30,-0.02356853904086212,stationary_noise
2025-01-31,-0.02624260524992348,stationary_noise
2025-02-01,-0.09571894492658628,stationary_noise
2025-02-02,-0.006694744355266444,stationary_noise
2025-02-03,-0.12601983891408844,stationary_noise
2025-02-04,-0.020728109271849593,stationary_noise
2025-02-05,0.03953934444809884,stationary_noise
2025-02-06,-0.016950098007125356,stationary_noise
2025-02-07,0.0663989330309849,stationary_noise
2025-02-08,0.06846399479115038,stationary_noise
2025-02-09,0.14281388219389554,stationary_noise
2025-02-10,-0.09653657156828581,stationary_noise
2025-02-11,-0.07600681404086111,stationary_noise
2025-02-12,-0.17958787736248383,stationary_noise
2025-02-13,0.0521289808290663,stationary_noise
2025-02-14,0.10440412369725471,stationary_noise
2025-02-15,-0.05921544673073708,stationary_noise
2025-02-16,0.04900840765985007,stationary_noise
2025-02-17,0.2291079641668694,stationary_noise
2025-02-18,0.15004347616127972,stationary_noise
2025-02-19,-0.17165141202448606,stationary_noise
2025-02-20,-0.08749923858307271,stationary_noise
2025-02-21,0.08978248515551643,stationary_noise
2025-02-22,0.08497936652460271,stationary_noise
2025-02-23,0.10291954093603808,stationary_noise
2025-02-24,0.04608332545465451,stationary_noise
2025-02-25,0.005430117064138432,stationary_noise
2025-02-26,-0.016554031994826492,stationary_noise
2025-02-27,0.14942677780309888,stationary_noise
2025-02-28,-0.027158476589733988,stationary_noise
2025-03-01,0.14360868420119025,stationary_noise
2025-03-02,0.12432705032461085,stationary_noise
2025-03-03,-0.07702407419066676,stationary_noise
2025-03-04,-0.20192711611272537,stationary_noise
2025-03-05,-0.07992096051482549,stationary_noise
2025-03-06,-0.010524993175529898,stationary_noise
2025-03-07,-0.030648028615349328,stationary_noise
2025-03-08,-0.10338271121907204,stationary_noise
2025-03-09,-0.12072281171153165,stationary_noise
2025-03-10,-0.07907363757323163,stationary_noise
2025-03-11,0.037014881263808974,stationary_noise
2025-03-12,0.14057937132905293,stationary_noise
2025-03-13,-0.23157776648943754,stationary_noise
2025-03-14,0.10539479797522938,stationary_noise
2025-03-15,-0.0037863438184912754,stationary_noise
2025-03-16,-0.00784061334177703,stationary_noise
2025-03-17,0.05508297052223309,stationary_noise
2025-03-18,0.006389234535168729,stationary_noise
2025-03-19,-0.046945060064683714,stationary_noise
2025-03-20,0.05461020086163265,stationary_noise
2025-03-21,0.14682694425828446,stationary_noise
2025-03-22,-0.0538817721761976,stationary_noise
2025-03-23,0.0739348497838716,stationary_noise
2025-03-24,-0.09166374951470446,stationary_noise
2025-03-25,0.0010982616505791768,stationary_noise
2025-03-26,0.04967066462470053,stationary_noise
2025-03-27,-0.06563500848470169,stationary_noise
2025-03-28,-0.1601089608084453,stationary_noise
2025-03-29,0.20246579162503162,stationary_noise
2025-03-30,0.0937831719308863,stationary_noise
2025-03-31,0.13084735127279187,stationary_noise
2025-04-01,-0.04814323012164768,stationary_noise
2025-04-02,-0.08188321741439619,stationary_noise
2025-04-03,0.21840145099569772,stationary_noise
2025-04-04,0.009274097228834018,stationary_noise
2025-04-05,-0.03293119821901827,stationary_noise
2025-04-06,0.004802037531009641,stationary_noise
2025-04-07,0.04967292812934991,stationary_noise
2025-04-08,-0.01932151245355892,stationary_noise
2025-04-09,0.02045655517172213,stationary_noise
2025-04-10,0.2832904952508548,stationary_noise
2025-01-01,-0.09618386040864324,non_stationary_seasonal
2025-01-02,0.8096588365280022,non_stationary_seasonal
2025-01-03,1.0762595284596574,non_stationary_seasonal
2025-01-04,0.40204167588120576,non_stationary_seasonal
2025-01-05,-0.33598762668523335,non_stationary_seasonal
2025-01-06,-0.9293371967344873,non_stationary_seasonal
2025-01-07,-0.7570884382345104,non_stationary_seasonal
2025-01-08,0.2079416414418377,non_stationary_seasonal
2025-01-09,0.7609982993181484,non_stationary_seasonal
2025-01-10,1.079662238241439,non_stationary_seasonal
2025-01-11,0.3101158374295601,non_stationary_seasonal
2025-01-12,-0.4482138336816121,non_stationary_seasonal
2025-01-13,-1.0853752808629222,non_stationary_seasonal
2025-01-14,-0.5610665678133706,non_stationary_seasonal
2025-01-15,0.07672009305424775,non_stationary_seasonal
2025-01-16,0.589714366930066,non_stationary_seasonal
2025-01-17,1.0362687619955746,non_stationary_seasonal
2025-01-18,0.47606554327110995,non_stationary_seasonal
2025-01-19,-0.5582635952818324,non_stationary_seasonal
2025-01-20,-0.8217648196296049,non_stationary_seasonal
2025-01-21,-0.6914825358097829,non_stationary_seasonal
2025-01-22,-0.02057171395535891,non_stationary_seasonal
2025-01-23,0.8027833760237065,non_stationary_seasonal
2025-01-24,0.9178272923906444,non_stationary_seasonal
2025-01-25,0.48092490395000653,non_stationary_seasonal
2025-01-26,-0.34736817198867576,non_stationary_seasonal
2025-01-27,-0.9981514485991565,non_stationary_seasonal
2025-01-28,-0.6440916635776434,non_stationary_seasonal
2025-01-29,0.08697068508754459,non_stationary_seasonal
2025-01-30,0.7350086432960407,non_stationary_seasonal
2025-01-31,0.9731152113480923,non_stationary_seasonal
2025-02-01,0.4710025921038268,non_stationary_seasonal
2025-02-02,-0.2837848879084388,non_stationary_seasonal
2025-02-03,-0.9507506652794165,non_stationary_seasonal
2025-02-04,-0.8847429127382445,non_stationary_seasonal
2025-02-05,0.023514922094821096,non_stationary_seasonal
2025-02-06,0.7733811952562669,non_stationary_seasonal
2025-02-07,0.9329118548888808,non_stationary_seasonal
2025-02-08,0.48036049410723847,non_stationary_seasonal
2025-02-09,-0.3514046273207775,non_stationary_seasonal
2025-02-10,-0.9468164164152544,non_stationary_seasonal
2025-02-11,-0.9040520399600747,non_stationary_seasonal
2025-02-12,0.15868947549146042,non_stationary_seasonal
2025-02-13,0.7838809227387792,non_stationary_seasonal
2025-02-14,1.0077157026462338,non_stationary_seasonal
2025-02-15,0.39407649381604165,non_stationary_seasonal
2025-02-16,-0.4146702052996597,non_stationary_seasonal
2025-02-17,-0.7882306745587727,non_stationary_seasonal
2025-02-18,-0.8660234223986201,non_stationary_seasonal
2025-02-19,0.1552898864340412,non_stationary_seasonal
2025-02-20,0.7758359726556381,non_stationary_seasonal
2025-02-21,0.9862089033555479,non_stationary_seasonal
2025-02-22,0.45756916665741343,non_stationary_seasonal
2025-02-23,-0.5783341508362456,non_stationary_seasonal
2025-02-24,-0.9771549995287829,non_stationary_seasonal
2025-02-25,-0.7383049120854098,non_stationary_seasonal
2025-02-26,0.07770459251769711,non_stationary_seasonal
2025-02-27,0.6658882317666391,non_stationary_seasonal
2025-02-28,1.0171962985562522,non_stationary_seasonal
2025-03-01,0.5808710283493813,non_stationary_seasonal
2025-03-02,-0.26406677664433115,non_stationary_seasonal
2025-03-03,-0.8873662638174117,non_stationary_seasonal
2025-03-04,-0.8356711423432406,non_stationary_seasonal
2025-03-05,0.14847360807767254,non_stationary_seasonal
2025-03-06,0.6471634878618685,non_stationary_seasonal
2025-03-07,1.0926246004662183,non_stationary_seasonal
2025-03-08,0.2972350756086093,non_stationary_seasonal
2025-03-09,-0.29209612326107137,non_stationary_seasonal
2025-03-10,-0.9453559042229044,non_stationary_seasonal
2025-03-11,-0.5678633649386369,non_stationary_seasonal
2025-03-12,-0.25433653787805477,non_stationary_seasonal
2025-03-13,1.0359631842632637,non_stationary_seasonal
2025-03-14,1.0066123315551372,non_stationary_seasonal
2025-03-15,0.5725540174489089,non_stationary_seasonal
2025-03-16,-0.3727091602541795,non_stationary_seasonal
2025-03-17,-0.9663449540508408,non_stationary_seasonal
2025-03-18,-0.64150836499572,non_stationary_seasonal
2025-03-19,0.022713364134708255,non_stationary_seasonal
2025-03-20,0.9063159629316865,non_stationary_seasonal
2025-03-21,1.056523665643744,non_stationary_seasonal
2025-03-22,0.5233394295108698,non_stationary_seasonal
2025-03-23,-0.4141124313758873,non_stationary_seasonal
2025-03-24,-1.1242354715913712,non_stationary_seasonal
2025-03-25,-0.7122712200820658,non_stationary_seasonal
2025-03-26,-0.08607348783946958,non_stationary_seasonal
2025-03-27,0.8091606381981753,non_stationary_seasonal
2025-03-28,0.9999143145802176,non_stationary_seasonal
2025-03-29,0.5437031599447847,non_stationary_seasonal
2025-03-30,-0.4165266950240434,non_stationary_seasonal
2025-03-31,-0.9628175028568768,non_stationary_seasonal
2025-04-01,-0.9419952667600912,non_stationary_seasonal
2025-04-02,0.15538878321367058,non_stationary_seasonal
2025-04-03,0.6642609794116483,non_stationary_seasonal
2025-04-04,0.9868073068663155,non_stationary_seasonal
2025-04-05,0.4729383299253546,non_stationary_seasonal
2025-04-06,-0.553283721022067,non_stationary_seasonal
2025-04-07,-1.047227372607753,non_stationary_seasonal
2025-04-08,-0.6620708636590209,non_stationary_seasonal
2025-04-09,-0.06445638155662278,non_stationary_seasonal
2025-04-10,0.9051834368806437,non_stationary_seasonal
2025-01-01,0.894235070801508,stationary_cycles
2025-01-02,0.8054366739990818,stationary_cycles
2025-01-03,0.5717258824139629,stationary_cycles
2025-01-04,0.2982120540244639,stationary_cycles
2025-01-05,-0.0951982890848475,stationary_cycles
2025-01-06,-0.45868077150530306,stationary_cycles
2025-01-07,-0.7252731389027353,stationary_cycles
2025-01-08,-0.796550523065233,stationary_cycles
2025-01-09,-1.034470433467252,stationary_cycles
2025-01-10,-0.9674819278344504,stationary_cycles
2025-01-11,-0.7305450766282896,stationary_cycles
2025-01-12,-0.550014948265609,stationary_cycles
2025-01-13,-0.10575644519368797,stationary_cycles
2025-01-14,0.23310870852183851,stationary_cycles
2025-01-15,0.5718406412059684,stationary_cycles
2025-01-16,0.8828391120013427,stationary_cycles
2025-01-17,0.8967291577367014,stationary_cycles
2025-01-18,0.9815711459549182,stationary_cycles
2025-01-19,0.7258200845158788,stationary_cycles
2025-01-20,0.41066393861005174,stationary_cycles
2025-01-21,0.014010378921335886,stationary_cycles
2025-01-22,-0.29440175665436363,stationary_cycles
2025-01-23,-0.5638664552776349,stationary_cycles
2025-01-24,-0.8243072706696725,stationary_cycles
2025-01-25,-0.9797189654342169,stationary_cycles
2025-01-26,-0.9211058889075683,stationary_cycles
2025-01-27,-0.6089465450816077,stationary_cycles
2025-01-28,-0.17598783430618192,stationary_cycles
2025-01-29,0.14459608288610018,stationary_cycles
2025-01-30,0.5375052491493877,stationary_cycles
2025-01-31,0.7454913042005065,stationary_cycles
2025-02-01,0.9604229404767087,stationary_cycles
2025-02-02,0.8912175949743968,stationary_cycles
2025-02-03,0.7425158436987284,stationary_cycles
2025-02-04,0.39009328046412506,stationary_cycles
2025-02-05,0.09229252962749387,stationary_cycles
2025-02-06,-0.2550998035254209,stationary_cycles
2025-02-07,-0.6021663156686611,stationary_cycles
2025-02-08,-0.8674414152149963,stationary_cycles
2025-02-09,-0.8520524538719261,stationary_cycles
2025-02-10,-0.8902359041050033,stationary_cycles
2025-02-11,-0.801872560354869,stationary_cycles
2025-02-12,-0.4884462138672755,stationary_cycles
2025-02-13,-0.1517859366589121,stationary_cycles
2025-02-14,0.05022941680799602,stationary_cycles
2025-02-15,0.41802692270105474,stationary_cycles
2025-02-16,0.6671152835081311,stationary_cycles
2025-02-17,0.8508620679750324,stationary_cycles
2025-02-18,0.884893552691478,stationary_cycles
2025-02-19,0.8587076863593764,stationary_cycles
2025-02-20,0.8251941316134612,stationary_cycles
2025-02-21,0.5217983459324288,stationary_cycles
2025-02-22,0.39491851261239785,stationary_cycles
2025-02-23,0.041851458397640984,stationary_cycles
2025-02-24,-0.19934849487817752,stationary_cycles
2025-02-25,-0.40604351702445396,stationary_cycles
2025-02-26,-0.6171923938635727,stationary_cycles
2025-02-27,-0.7272110026437577,stationary_cycles
2025-02-28,-0.7578331840340811,stationary_cycles
2025-03-01,-0.8429055320228768,stationary_cycles
2025-03-02,-0.8473114034042211,stationary_cycles
2025-03-03,-0.846439478726123,stationary_cycles
2025-03-04,-0.8026692746282642,stationary_cycles
2025-03-05,-0.5016717635032015,stationary_cycles
2025-03-06,-0.41166949924381685,stationary_cycles
2025-03-07,-0.111616507649469,stationary_cycles
2025-03-08,0.020302271206727236,stationary_cycles
2025-03-09,0.1816601065874699,stationary_cycles
2025-03-10,0.34106116127286895,stationary_cycles
2025-03-11,0.5628298598166863,stationary_cycles
2025-03-12,0.7431514028993107,stationary_cycles
2025-03-13,0.7559306790819871,stationary_cycles
2025-03-14,0.9182062824236973,stationary_cycles
2025-03-15,0.8322200347339245,stationary_cycles
2025-03-16,0.867557473563009,stationary_cycles
2025-03-17,0.6924686026227501,stationary_cycles
2025-03-18,0.7396206029570283,stationary_cycles
2025-03-19,0.5582186045644499,stationary_cycles
2025-03-20,0.4510902920623936,stationary_cycles
2025-03-21,0.2869770785820147,stationary_cycles
2025-03-22,0.20229645760076442,stationary_cycles
2025-03-23,-0.05626849841868531,stationary_cycles
2025-03-24,-0.11753864662972933,stationary_cycles
2025-03-25,-0.35907296049371973,stationary_cycles
2025-03-26,-0.4651961159631782,stationary_cycles
2025-03-27,-0.644630788024837,stationary_cycles
2025-03-28,-0.6162851047216124,stationary_cycles
2025-03-29,-0.7334764410745604,stationary_cycles
2025-03-30,-0.8276748509290058,stationary_cycles
2025-03-31,-0.754587782043847,stationary_cycles
2025-04-01,-0.6473666738567249,stationary_cycles
2025-04-02,-0.478839989042105,stationary_cycles
2025-04-03,-0.29478394371124556,stationary_cycles
2025-04-04,-0.19386198064745136,stationary_cycles
2025-04-05,0.0393316787356392,stationary_cycles
2025-04-06,0.3165441355041562,stationary_cycles
2025-04-07,0.5106871523335659,stationary_cycles
2025-04-08,0.6163214426792333,stationary_cycles
2025-04-09,0.7597025814985181,stationary_cycles
2025-04-10,0.7224081837900375,stationary_cycles
2025-01-01,-0.0028083174745813415,trend_linear_up
2025-01-02,0.11948529820340922,trend_linear_up
2025-01-03,0.17070017486583633,trend_linear_up
2025-01-04,0.2701995975415897,trend_linear_up
2025-01-05,0.45545255859941713,trend_linear_up
2025-01-06,0.716884396754916,trend_linear_up
2025-01-07,0.7588990601431967,trend_linear_up
2025-01-08,0.7512738831334277,trend_linear_up
2025-01-09,0.9446042019072765,trend_linear_up
2025-01-10,0.9917499341828425,trend_linear_up
2025-01-11,0.9337381021992525,trend_linear_up
2025-01-12,1.0988551275024665,trend_linear_up
2025-01-13,1.1455327067229024,trend_linear_up
2025-01-14,1.2619769749285719,trend_linear_up
2025-01-15,1.4065921109026622,trend_linear_up
2025-01-16,1.4613928982500546,trend_linear_up
2025-01-17,1.6386276697992501,trend_linear_up
2025-01-18,1.6547881143301018,trend_linear_up
2025-01-19,1.8585146458989352,trend_linear_up
2025-01-20,1.9853526422864365,trend_linear_up
2025-01-21,1.7263527676678412,trend_linear_up
2025-01-22,2.0581759357554916,trend_linear_up
2025-01-23,2.1020785650136493,trend_linear_up
2025-01-24,2.415886678734334,trend_linear_up
2025-01-25,2.1786743794278944,trend_linear_up
2025-01-26,2.6124606111745967,trend_linear_up
2025-01-27,2.5682384574092176,trend_linear_up
2025-01-28,2.7145740776321694,trend_linear_up
2025-01-29,2.77562637408056,trend_linear_up
2025-01-30,2.9270591180199577,trend_linear_up
2025-01-31,3.001478937970035,trend_linear_up
2025-02-01,3.164394396523625,trend_linear_up
2025-02-02,3.1772224789783436,trend_linear_up
2025-02-03,3.252940758538008,trend_linear_up
2025-02-04,3.4409917161832744,trend_linear_up
2025-02-05,3.5975902753932316,trend_linear_up
2025-02-06,3.669140492771266,trend_linear_up
2025-02-07,3.711242971164531,trend_linear_up
2025-02-08,3.764690712405731,trend_linear_up
2025-02-09,3.9262998758987946,trend_linear_up
2025-02-10,4.069220734418808,trend_linear_up
2025-02-11,4.099688598465625,trend_linear_up
2025-02-12,4.261471570507179,trend_linear_up
2025-02-13,4.374311302965099,trend_linear_up
2025-02-14,4.6261467379350405,trend_linear_up
2025-02-15,4.530730623540125,trend_linear_up
2025-02-16,4.583372966254043,trend_linear_up
2025-02-17,4.720644796487065,trend_linear_up
2025-02-18,4.843100214775291,trend_linear_up
2025-02-19,4.927129265090254,trend_linear_up
2025-02-20,4.795545102124533,trend_linear_up
2025-02-21,4.929212480783868,trend_linear_up
2025-02-22,5.2213537227633156,trend_linear_up
2025-02-23,5.252094902182206,trend_linear_up
2025-02-24,5.599544964895903,trend_linear_up
2025-02-25,5.564318341927632,trend_linear_up
2025-02-26,5.632334591409766,trend_linear_up
2025-02-27,5.638019435155907,trend_linear_up
2025-02-28,5.866783686487236,trend_linear_up
2025-03-01,6.019043313665524,trend_linear_up
2025-03-02,5.956625637077526,trend_linear_up
2025-03-03,6.12680999159042,trend_linear_up
2025-03-04,6.180199194439853,trend_linear_up
2025-03-05,6.3653051800724585,trend_linear_up
2025-03-06,6.513037048921166,trend_linear_up
2025-03-07,6.673042648580622,trend_linear_up
2025-03-08,6.622643282443188,trend_linear_up
2025-03-09,6.750310794178231,trend_linear_up
2025-03-10,6.707429761449019,trend_linear_up
2025-03-11,6.821390821190212,trend_linear_up
2025-03-12,6.989950295756284,trend_linear_up
2025-03-13,7.284307743877932,trend_linear_up
2025-03-14,7.206116670124062,trend_linear_up
2025-03-15,7.322692731371572,trend_linear_up
2025-03-16,7.3514464898530765,trend_linear_up
2025-03-17,7.437863923393513,trend_linear_up
2025-03-18,7.520964031985922,trend_linear_up
2025-03-19,7.7572009007724505,trend_linear_up
2025-03-20,7.834894291432312,trend_linear_up
2025-03-21,8.01469160074832,trend_linear_up
2025-03-22,7.988418920249011,trend_linear_up
2025-03-23,8.140621496624778,trend_linear_up
2025-03-24,8.043864773085907,trend_linear_up
2025-03-25,8.390726008971242,trend_linear_up
2025-03-26,8.465533945895645,trend_linear_up
2025-03-27,8.467088677984163,trend_linear_up
2025-03-28,8.503446532567741,trend_linear_up
2025-03-29,8.730562947777145,trend_linear_up
2025-03-30,8.807743229764736,trend_linear_up
2025-03-31,8.890191542838128,trend_linear_up
2025-04-01,8.987962705653915,trend_linear_up
2025-04-02,9.228516403071968,trend_linear_up
2025-04-03,9.334914355714089,trend_linear_up
2025-04-04,9.261451794299012,trend_linear_up
2025-04-05,9.376167792270632,trend_linear_up
2025-04-06,9.562313899679147,trend_linear_up
2025-04-07,9.762428597081422,trend_linear_up
2025-04-08,9.841616049655146,trend_linear_up
2025-04-09,9.82794294071659,trend_linear_up
2025-04-10,9.952324788250671,trend_linear_up
2025-01-01,0.06076360859683692,trend_linear_down
2025-01-02,-0.006445685220460684,trend_linear_down
2025-01-03,-0.29208977795622193,trend_linear_down
2025-01-04,-0.14044247298829915,trend_linear_down
2025-01-05,-0.46446889798305396,trend_linear_down
2025-01-06,-0.515065038306532,trend_linear_down
2025-01-07,-0.8017802828765719,trend_linear_down
2025-01-08,-0.5631748825208995,trend_linear_down
2025-01-09,-0.8026685750906043,trend_linear_down
2025-01-10,-0.7893124519890286,trend_linear_down
2025-01-11,-0.8153095203777285,trend_linear_down
2025-01-12,-1.050225755364733,trend_linear_down
2025-01-13,-1.2011186616598502,trend_linear_down
2025-01-14,-1.371814012217006,trend_linear_down
2025-01-15,-1.4083598637074344,trend_linear_down
2025-01-16,-1.4297724554901663,trend_linear_down
2025-01-17,-1.6670347248560007,trend_linear_down
2025-01-18,-1.923158362473361,trend_linear_down
2025-01-19,-1.9459626907547574,trend_linear_down
2025-01-20,-1.8005810429209257,trend_linear_down
2025-01-21,-2.0324915082590764,trend_linear_down
2025-01-22,-2.0784371421728034,trend_linear_down
2025-01-23,-2.085910292877635,trend_linear_down
2025-01-24,-2.328706838728066,trend_linear_down
2025-01-25,-2.3421129020353524,trend_linear_down
2025-01-26,-2.4287111128922643,trend_linear_down
2025-01-27,-2.4632246204510717,trend_linear_down
2025-01-28,-2.593492032740419,trend_linear_down
2025-01-29,-2.8531664169844277,trend_linear_down
2025-01-30,-2.705971277567509,trend_linear_down
2025-01-31,-2.851884631934189,trend_linear_down
2025-02-01,-3.193476218423207,trend_linear_down
2025-02-02,-3.0460473605234895,trend_linear_down
2025-02-03,-3.300034557338172,trend_linear_down
2025-02-04,-3.4661327274160016,trend_linear_down
2025-02-05,-3.6085675125277032,trend_linear_down
2025-02-06,-3.604689021233117,trend_linear_down
2025-02-07,-3.684145919912184,trend_linear_down
2025-02-08,-3.9922250988103283,trend_linear_down
2025-02-09,-3.8175575656857847,trend_linear_down
2025-02-10,-4.121916086158577,trend_linear_down
2025-02-11,-4.0882110369332345,trend_linear_down
2025-02-12,-4.2945459545678535,trend_linear_down
2025-02-13,-4.338642441137861,trend_linear_down
2025-02-14,-4.35656773767197,trend_linear_down
2025-02-15,-4.4041512319204905,trend_linear_down
2025-02-16,-4.67110636704663,trend_linear_down
2025-02-17,-4.65491855009887,trend_linear_down
2025-02-18,-4.78506139520348,trend_linear_down
2025-02-19,-5.135546913905307,trend_linear_down
2025-02-20,-4.9728557454070605,trend_linear_down
2025-02-21,-5.009196275107218,trend_linear_down
2025-02-22,-5.227245398833825,trend_linear_down
2025-02-23,-5.283142755514584,trend_linear_down
2025-02-24,-5.461068298219914,trend_linear_down
2025-02-25,-5.340460023777079,trend_linear_down
2025-02-26,-5.469971828743327,trend_linear_down
2025-02-27,-5.506695499800219,trend_linear_down
2025-02-28,-5.853330700700134,trend_linear_down
2025-03-01,-5.910990078883504,trend_linear_down
2025-03-02,-6.083247260106478,trend_linear_down
2025-03-03,-6.19988084816463,trend_linear_down
2025-03-04,-6.237535816263575,trend_linear_down
2025-03-05,-6.312647420436279,trend_linear_down
2025-03-06,-6.525684101640346,trend_linear_down
2025-03-07,-6.443738417107825,trend_linear_down
2025-03-08,-6.658719819442205,trend_linear_down
2025-03-09,-6.835710384171646,trend_linear_down
2025-03-10,-6.891563868177929,trend_linear_down
2025-03-11,-6.91893359850352,trend_linear_down
2025-03-12,-7.001865296474157,trend_linear_down
2025-03-13,-7.239325860724366,trend_linear_down
2025-03-14,-7.200279473685941,trend_linear_down
2025-03-15,-7.320702974217322,trend_linear_down
2025-03-16,-7.610467622467134,trend_linear_down
2025-03-17,-7.416293200868658,trend_linear_down
2025-03-18,-7.681900728611512,trend_linear_down
2025-03-19,-7.770492611844511,trend_linear_down
2025-03-20,-7.752595016528069,trend_linear_down
2025-03-21,-7.774603437234004,trend_linear_down
2025-03-22,-8.072381384597621,trend_linear_down
2025-03-23,-7.890603523665,trend_linear_down
2025-03-24,-8.168458446300447,trend_linear_down
2025-03-25,-8.433956516092945,trend_linear_down
2025-03-26,-8.425639197534565,trend_linear_down
2025-03-27,-8.583087382509346,trend_linear_down
2025-03-28,-8.627341779660505,trend_linear_down
2025-03-29,-8.821226946399372,trend_linear_down
2025-03-30,-8.843778644049944,trend_linear_down
2025-03-31,-8.881998468189517,trend_linear_down
2025-04-01,-8.90012506950222,trend_linear_down
2025-04-02,-9.094209380020047,trend_linear_down
2025-04-03,-9.219562893127184,trend_linear_down
2025-04-04,-9.363998981873632,trend_linear_down
2025-04-05,-9.440934926633357,trend_linear_down
2025-04-06,-9.417768361032216,trend_linear_down
2025-04-07,-9.467524894083907,trend_linear_down
2025-04-08,-9.723466699516333,trend_linear_down
2025-04-09,-9.870017533709145,trend_linear_down
2025-04-10,-9.962734381973886,trend_linear_down
2025-01-01,1.0650437898099785,trend_exponential_up
2025-01-02,1.163017470128545,trend_exponential_up
2025-01-03,1.053032314012584,trend_exponential_up
2025-01-04,1.0910029188040375,trend_exponential_up
2025-01-05,0.9621042395643045,trend_exponential_up
2025-01-06,1.1563874254588837,trend_exponential_up
2025-01-07,1.3385196036402718,trend_exponential_up
2025-01-08,1.230593577506699,trend_exponential_up
2025-01-09,1.204243123342206,trend_exponential_up
2025-01-10,1.3762369396788756,trend_exponential_up
2025-01-11,1.3418696849167957,trend_exponential_up
2025-01-12,1.3643838374325223,trend_exponential_up
2025-01-13,1.5837147861595964,trend_exponential_up
2025-01-14,1.3303599367582295,trend_exponential_up
2025-01-15,1.5311236663482841,trend_exponential_up
2025-01-16,1.5267449402751174,trend_exponential_up
2025-01-17,1.5295510521705704,trend_exponential_up
2025-01-18,1.5187118170857166,trend_exponential_up
2025-01-19,1.6250383368947314,trend_exponential_up
2025-01-20,1.8967799979282933,trend_exponential_up
2025-01-21,1.7603856097118822,trend_exponential_up
2025-01-22,2.006399128521734,trend_exponential_up
2025-01-23,1.9257890288250445,trend_exponential_up
2025-01-24,1.9779080773423763,trend_exponential_up
2025-01-25,2.083625520213627,trend_exponential_up
2025-01-26,2.043045546255427,trend_exponential_up
2025-01-27,1.9934587165917534,trend_exponential_up
2025-01-28,2.385564394842256,trend_exponential_up
2025-01-29,2.224202951618319,trend_exponential_up
2025-01-30,2.6105289040783566,trend_exponential_up
2025-01-31,2.542023276518489,trend_exponential_up
2025-02-01,2.3922327582302136,trend_exponential_up
2025-02-02,2.590866302080342,trend_exponential_up
2025-02-03,2.843477981727265,trend_exponential_up
2025-02-04,2.801450124036581,trend_exponential_up
2025-02-05,2.8100863733974575,trend_exponential_up
2025-02-06,3.047928546861957,trend_exponential_up
2025-02-07,3.0003474013226574,trend_exponential_up
2025-02-08,3.1237027575808463,trend_exponential_up
2025-02-09,3.1749989483080214,trend_exponential_up
2025-02-10,3.348178654741495,trend_exponential_up
2025-02-11,3.467041952170781,trend_exponential_up
2025-02-12,3.451812065094932,trend_exponential_up
2025-02-13,3.797386994186383,trend_exponential_up
2025-02-14,3.6915160524509125,trend_exponential_up
2025-02-15,3.840140609038574,trend_exponential_up
2025-02-16,4.021610095405035,trend_exponential_up
2025-02-17,4.1094317411132595,trend_exponential_up
2025-02-18,4.2257535975459035,trend_exponential_up
2025-02-19,4.352379496742136,trend_exponential_up
2025-02-20,4.518241849333771,trend_exponential_up
2025-02-21,4.711954912876913,trend_exponential_up
2025-02-22,4.821793255827,trend_exponential_up
2025-02-23,5.00013480268572,trend_exponential_up
2025-02-24,5.054124285277746,trend_exponential_up
2025-02-25,5.195692023686817,trend_exponential_up
2025-02-26,5.326236098199845,trend_exponential_up
2025-02-27,5.494290318433775,trend_exponential_up
2025-02-28,5.7367677046796555,trend_exponential_up
2025-03-01,5.982789784438325,trend_exponential_up
2025-03-02,6.04648660295929,trend_exponential_up
2025-03-03,6.285175114123229,trend_exponential_up
2025-03-04,6.288564281918039,trend_exponential_up
2025-03-05,6.654118659211572,trend_exponential_up
2025-03-06,6.805092848571552,trend_exponential_up
2025-03-07,6.909181093825971,trend_exponential_up
2025-03-08,7.288608316905235,trend_exponential_up
2025-03-09,7.368348006979826,trend_exponential_up
2025-03-10,7.608219264194203,trend_exponential_up
2025-03-11,7.591114112004318,trend_exponential_up
2025-03-12,8.272332874210875,trend_exponential_up
2025-03-13,8.249970185015432,trend_exponential_up
2025-03-14,8.642463136907077,trend_exponential_up
2025-03-15,8.936493175791659,trend_exponential_up
2025-03-16,9.22715263473971,trend_exponential_up
2025-03-17,9.51230991781823,trend_exponential_up
2025-03-18,9.727402893795208,trend_exponential_up
2025-03-19,10.020840944805228,trend_exponential_up
2025-03-20,10.379481030483692,trend_exponential_up
2025-03-21,10.597478748828639,trend_exponential_up
2025-03-22,11.086054566572175,trend_exponential_up
2025-03-23,11.54600225222475,trend_exponential_up
2025-03-24,11.806067178462577,trend_exponential_up
2025-03-25,12.231718947338386,trend_exponential_up
2025-03-26,12.493429825345137,trend_exponential_up
2025-03-27,13.039039839920207,trend_exponential_up
2025-03-28,13.013743475474513,trend_exponential_up
2025-03-29,13.843821196965536,trend_exponential_up
2025-03-30,14.060207692571698,trend_exponential_up
2025-03-31,14.494915361426234,trend_exponential_up
2025-04-01,14.871320256108747,trend_exponential_up
2025-04-02,15.305508856138292,trend_exponential_up
2025-04-03,15.933816693663477,trend_exponential_up
2025-04-04,16.139112689298575,trend_exponential_up
2025-04-05,16.87710745922463,trend_exponential_up
2025-04-06,17.220657409219573,trend_exponential_up
2025-04-07,17.784629907732857,trend_exponential_up
2025-04-08,18.3297172730939,trend_exponential_up
2025-04-09,18.93053436989837,trend_exponential_up
2025-04-10,19.613262500945805,trend_exponential_up
2025-01-01,0.18507738821468186,structural_shift
2025-01-02,-0.022850004693370243,structural_shift
2025-01-03,-0.06518180805099039,structural_shift
2025-01-04,-0.041133237142495255,structural_shift
2025-01-05,0.002423758333417437,structural_shift
2025-01-06,-0.00926234615996458,structural_shift
2025-01-07,0.05584536199903644,structural_shift
2025-01-08,0.09603046108815386,structural_shift
2025-01-09,-0.11795976869632896,structural_shift
2025-01-10,0.16548588713776313,structural_shift
2025-01-11,0.1554051528333398,structural_shift
2025-01-12,-0.009144504149596727,structural_shift
2025-01-13,-0.07674139757519768,structural_shift
2025-01-14,0.006071919824709527,structural_shift
2025-01-15,0.047187862771501415,structural_shift
2025-01-16,0.0515562252111232,structural_shift
2025-01-17,-0.03026176987179305,structural_shift
2025-01-18,-0.20976854100776318,structural_shift
2025-01-19,-0.054453906990667024,structural_shift
2025-01-20,-0.04572345001330186,structural_shift
2025-01-21,0.17256547204676542,structural_shift
2025-01-22,0.02686524436319901,structural_shift
2025-01-23,0.14655837715029182,structural_shift
2025-01-24,-0.08243496651572059,structural_shift
2025-01-25,0.009984064447695312,structural_shift
2025-01-26,-0.16540377063020256,structural_shift
2025-01-27,-0.10696241516947746,structural_shift
2025-01-28,-0.04799765092888296,structural_shift
2025-01-29,0.024675456801602373,structural_shift
2025-01-30,-0.0844585379189727,structural_shift
2025-01-31,-0.13333537391927947,structural_shift
2025-02-01,0.0724774640863746,structural_shift
2025-02-02,0.11025523064759134,structural_shift
2025-02-03,-0.011108056846361177,structural_shift
2025-02-04,0.033830460819095666,structural_shift
2025-02-05,0.116768132022623,structural_shift
2025-02-06,-0.2094772705530915,structural_shift
2025-02-07,0.12674700515205656,structural_shift
2025-02-08,-0.2147073323358992,structural_shift
2025-02-09,0.15938609358052191,structural_shift
2025-02-10,-0.089274914073425,structural_shift
2025-02-11,-0.01891170994221892,structural_shift
2025-02-12,0.05140135233811796,structural_shift
2025-02-13,-0.14847150033569598,structural_shift
2025-02-14,0.05318841482650275,structural_shift
2025-02-15,-0.02554452393522516,structural_shift
2025-02-16,-0.1758041809060803,structural_shift
2025-02-17,-0.10969269947892733,structural_shift
2025-02-18,0.2930380406731498,structural_shift
2025-02-19,0.12565588548913095,structural_shift
2025-02-20,2.011538920297428,structural_shift
2025-02-21,2.201109278837088,structural_shift
2025-02-22,1.8387605823062112,structural_shift
2025-02-23,2.0878690408254683,structural_shift
2025-02-24,1.9604605535024104,structural_shift
2025-02-25,2.01046362564985,structural_shift
2025-02-26,2.1296177926194355,structural_shift
2025-02-27,1.7781758526134874,structural_shift
2025-02-28,1.7343656084850974,structural_shift
2025-03-01,1.7489554314691451,structural_shift
2025-03-02,1.9402985767267724,structural_shift
2025-03-03,2.0654656793679993,structural_shift
2025-03-04,2.05736462304838,structural_shift
2025-03-05,2.0448430053306126,structural_shift
2025-03-06,2.02039525758946,structural_shift
2025-03-07,1.8828659927605609,structural_shift
2025-03-08,2.0965116556536074,structural_shift
2025-03-09,1.8207315834731879,structural_shift
2025-03-10,1.9931869564976523,structural_shift
2025-03-11,2.032439901629699,structural_shift
2025-03-12,1.969375070488919,structural_shift
2025-03-13,2.069794022552382,structural_shift
2025-03-14,2.2080205220712403,structural_shift
2025-03-15,1.9778094775094754,structural_shift
2025-03-16,2.0266351119357453,structural_shift
2025-03-17,2.0001937008364497,structural_shift
2025-03-18,1.8978481406281418,structural_shift
2025-03-19,2.002715956978804,structural_shift
2025-03-20,2.1112181501244742,structural_shift
2025-03-21,2.028795720467395,structural_shift
2025-03-22,2.125178915866126,structural_shift
2025-03-23,2.015299676211117,structural_shift
2025-03-24,2.05230185121007,structural_shift
2025-03-25,1.8499367811631497,structural_shift
2025-03-26,2.0714732751533496,structural_shift
2025-03-27,2.081247125063035,structural_shift
2025-03-28,1.858806495763316,structural_shift
2025-03-29,2.064925512560321,structural_shift
2025-03-30,2.0346769734987173,structural_shift
2025-03-31,2.143019417035905,structural_shift
2025-04-01,1.976902186973678,structural_shift
2025-04-02,1.7828483824480394,structural_shift
2025-04-03,2.1616699559243413,structural_shift
2025-04-04,2.101573355584683,structural_shift
2025-04-05,2.1608666485282746,structural_shift
2025-04-06,1.988897664812576,structural_shift
2025-04-07,2.031557542590753,structural_shift
2025-04-08,2.092267400306543,structural_shift
2025-04-09,1.9514485552256982,structural_shift
2025-04-10,1.9874678997587283,structural_shift
2025-01-01,-0.041291688952771105,trend_linear_up_seasonal
2025-01-02,0.7671241269491845,trend_linear_up_seasonal
2025-01-03,1.2104992889289365,trend_linear_up_seasonal
2025-01-04,0.7564325396543357,trend_linear_up_seasonal
2025-01-05,-0.14587193499122628,trend_linear_up_seasonal
2025-01-06,-0.6003697482868015,trend_linear_up_seasonal
2025-01-07,-0.23397016580227487,trend_linear_up_seasonal
2025-01-08,0.697702120669407,trend_linear_up_seasonal
2025-01-09,1.6338536969401858,trend_linear_up_seasonal
2025-01-10,1.9211973686922117,trend_linear_up_seasonal
2025-01-11,1.434587953749381,trend_linear_up_seasonal
2025-01-12,0.6309278218695542,trend_linear_up_seasonal
2025-01-13,0.3151528002559324,trend_linear_up_seasonal
2025-01-14,0.2989274286727372,trend_linear_up_seasonal
2025-01-15,1.508736202733628,trend_linear_up_seasonal
2025-01-16,2.2807750714555057,trend_linear_up_seasonal
2025-01-17,2.5410796347739035,trend_linear_up_seasonal
2025-01-18,2.074309976552397,trend_linear_up_seasonal
2025-01-19,1.4511427446024936,trend_linear_up_seasonal
2025-01-20,0.8412209337227521,trend_linear_up_seasonal
2025-01-21,1.1170348670741388,trend_linear_up_seasonal
2025-01-22,2.0658329026388182,trend_linear_up_seasonal
2025-01-23,3.0359973861637677,trend_linear_up_seasonal
2025-01-24,3.3537844820808305,trend_linear_up_seasonal
2025-01-25,3.004074958780693,trend_linear_up_seasonal
2025-01-26,1.992115790756839,trend_linear_up_seasonal
2025-01-27,1.5725601655214991,trend_linear_up_seasonal
2025-01-28,1.782476722204977,trend_linear_up_seasonal
2025-01-29,2.807557938812376,trend_linear_up_seasonal
2025-01-30,3.8067657963057724,trend_linear_up_seasonal
2025-01-31,3.754622281816505,trend_linear_up_seasonal
2025-02-01,3.5901246937135594,trend_linear_up_seasonal
2025-02-02,2.8750453175104096,trend_linear_up_seasonal
2025-02-03,2.420985990072498,trend_linear_up_seasonal
2025-02-04,2.6231258177056564,trend_linear_up_seasonal
2025-02-05,3.436252739905271,trend_linear_up_seasonal
2025-02-06,4.327751586766665,trend_linear_up_seasonal
2025-02-07,4.611582242695062,trend_linear_up_seasonal
2025-02-08,4.237982028745892,trend_linear_up_seasonal
2025-02-09,3.4509630425014657,trend_linear_up_seasonal
2025-02-10,2.9411233723368184,trend_linear_up_seasonal
2025-02-11,3.400717331958342,trend_linear_up_seasonal
2025-02-12,4.187575607768985,trend_linear_up_seasonal
2025-02-13,5.003506789387034,trend_linear_up_seasonal
2025-02-14,5.453591123301878,trend_linear_up_seasonal
2025-02-15,4.8797064186752,trend_linear_up_seasonal
2025-02-16,4.1755423132878295,trend_linear_up_seasonal
2025-02-17,3.858476287394426,trend_linear_up_seasonal
2025-02-18,4.269395958968384,trend_linear_up_seasonal
2025-02-19,4.962812843968208,trend_linear_up_seasonal
2025-02-20,5.838452272490952,trend_linear_up_seasonal
2025-02-21,6.005059026742913,trend_linear_up_seasonal
2025-02-22,5.57284111526342,trend_linear_up_seasonal
2025-02-23,4.810804304963276,trend_linear_up_seasonal
2025-02-24,4.291973416617409,trend_linear_up_seasonal
2025-02-25,4.780155200441854,trend_linear_up_seasonal
2025-02-26,5.693042798957464,trend_linear_up_seasonal
2025-02-27,6.383325997628866,trend_linear_up_seasonal
2025-02-28,6.637610105611477,trend_linear_up_seasonal
2025-03-01,6.393622031917096,trend_linear_up_seasonal
2025-03-02,5.494449482808655,trend_linear_up_seasonal
2025-03-03,5.106468133024042,trend_linear_up_seasonal
2025-03-04,5.450537413124639,trend_linear_up_seasonal
2025-03-05,6.412257646996178,trend_linear_up_seasonal
2025-03-06,7.247219928610207,trend_linear_up_seasonal
2025-03-07,7.496907309396669,trend_linear_up_seasonal
2025-03-08,7.0020224461984215,trend_linear_up_seasonal
2025-03-09,6.313585318285442,trend_linear_up_seasonal
2025-03-10,5.66989603075964,trend_linear_up_seasonal
2025-03-11,6.178581719370453,trend_linear_up_seasonal
2025-03-12,6.910673801274744,trend_linear_up_seasonal
2025-03-13,7.674296023593995,trend_linear_up_seasonal
2025-03-14,8.186464486903757,trend_linear_up_seasonal
2025-03-15,7.8784314161445295,trend_linear_up_seasonal
2025-03-16,6.869168647568638,trend_linear_up_seasonal
2025-03-17,6.466819822659771,trend_linear_up_seasonal
2025-03-18,6.789962030132574,trend_linear_up_seasonal
2025-03-19,7.658227459149549,trend_linear_up_seasonal
2025-03-20,8.663969733606129,trend_linear_up_seasonal
2025-03-21,8.75940560124045,trend_linear_up_seasonal
2025-03-22,8.59261967281931,trend_linear_up_seasonal
2025-03-23,7.644872387679789,trend_linear_up_seasonal
2025-03-24,7.088945160801971,trend_linear_up_seasonal
2025-03-25,7.572284400642824,trend_linear_up_seasonal
2025-03-26,8.504053157565536,trend_linear_up_seasonal
2025-03-27,9.101077369606134,trend_linear_up_seasonal
2025-03-28,9.530290191220484,trend_linear_up_seasonal
2025-03-29,9.169084633617961,trend_linear_up_seasonal
2025-03-30,8.47774373622871,trend_linear_up_seasonal
2025-03-31,7.832384049598455,trend_linear_up_seasonal
2025-04-01,8.321144704115072,trend_linear_up_seasonal
2025-04-02,9.167503640563659,trend_linear_up_seasonal
2025-04-03,10.04893507007198,trend_linear_up_seasonal
2025-04-04,10.285456839718762,trend_linear_up_seasonal
2025-04-05,9.711592173458937,trend_linear_up_seasonal
2025-04-06,9.11210248940934,trend_linear_up_seasonal
2025-04-07,8.617520055397897,trend_linear_up_seasonal
2025-04-08,8.78563178918234,trend_linear_up_seasonal
2025-04-09,9.69237217583006,trend_linear_up_seasonal
2025-04-10,10.501006227990471,trend_linear_up_seasonal
2025-01-01,-3.692995272938047,noise_var_decreasing
2025-01-02,-6.737307130364191,noise_var_decreasing
2025-01-03,-3.9551788857017702,noise_var_decreasing
2025-01-04,2.0399677942370706,noise_var_decreasing
2025-01-05,-5.4193114919659955,noise_var_decreasing
2025-01-06,-0.4311182960760682,noise_var_decreasing
2025-01-07,-1.6066241246516575,noise_var_decreasing
2025-01-08,-1.8318006679399073,noise_var_decreasing
2025-01-09,-1.5988005990785206,noise_var_decreasing
2025-01-10,1.6092924342357189,noise_var_decreasing
2025-01-11,-4.300085712918514,noise_var_decreasing
2025-01-12,-3.618159284822938,noise_var_decreasing
2025-01-13,3.2417979700759383,noise_var_decreasing
2025-01-14,6.288910756132386,noise_var_decreasing
2025-01-15,1.2864879697713179,noise_var_decreasing
2025-01-16,-1.411345174420122,noise_var_decreasing
2025-01-17,-1.1382070075957365,noise_var_decreasing
2025-01-18,5.626420951842994,noise_var_decreasing
2025-01-19,-2.012898432925403,noise_var_decreasing
2025-01-20,-0.567339562294663,noise_var_decreasing
2025-01-21,1.0359118763306083,noise_var_decreasing
2025-01-22,-1.971697308040209,noise_var_decreasing
2025-01-23,-0.9174175719374461,noise_var_decreasing
2025-01-24,5.956617697662636,noise_var_decreasing
2025-01-25,7.9556343350336425,noise_var_decreasing
2025-01-26,-6.383692491672686,noise_var_decreasing
2025-01-27,-0.6943776413240248,noise_var_decreasing
2025-01-28,-1.2040237938881244,noise_var_decreasing
2025-01-29,2.1486887915125146,noise_var_decreasing
2025-01-30,-5.622624724900675,noise_var_decreasing
2025-01-31,0.2319367741468072,noise_var_decreasing
2025-02-01,-0.3008387881759073,noise_var_decreasing
2025-02-02,2.04036754056755,noise_var_decreasing
2025-02-03,-2.720401904956132,noise_var_decreasing
2025-02-04,-2.43587499442893,noise_var_decreasing
2025-02-05,3.2724559208840547,noise_var_decreasing
2025-02-06,2.200948630090547,noise_var_decreasing
2025-02-07,-2.3754800793710817,noise_var_decreasing
2025-02-08,-2.4295286447466595,noise_var_decreasing
2025-02-09,0.6050226171650644,noise_var_decreasing
2025-02-10,-1.5023165650871761,noise_var_decreasing
2025-02-11,0.4977096185601748,noise_var_decreasing
2025-02-12,0.12927028567235552,noise_var_decreasing
2025-02-13,1.9515771565399729,noise_var_decreasing
2025-02-14,0.13180275195198818,noise_var_decreasing
2025-02-15,1.794068419756847,noise_var_decreasing
2025-02-16,0.6541712079281261,noise_var_decreasing
2025-02-17,1.4900820122039875,noise_var_decreasing
2025-02-18,0.2178748589675082,noise_var_decreasing
2025-02-19,-3.2231173079997033,noise_var_decreasing
2025-02-20,-0.5050159141891677,noise_var_decreasing
2025-02-21,1.7216766338772473,noise_var_decreasing
2025-02-22,1.103963069585473,noise_var_decreasing
2025-02-23,1.223421443663266,noise_var_decreasing
2025-02-24,-0.5672104185082022,noise_var_decreasing
2025-02-25,-0.37238500909826666,noise_var_decreasing
2025-02-26,1.8889879118141497,noise_var_decreasing
2025-02-27,-2.678424901420531,noise_var_decreasing
2025-02-28,-0.13061278306462457,noise_var_decreasing
2025-03-01,1.013967492366598,noise_var_decreasing
2025-03-02,-0.7383905649917126,noise_var_decreasing
2025-03-03,0.4160332666384472,noise_var_decreasing
2025-03-04,3.295786631619671,noise_var_decreasing
2025-03-05,0.8118412032829796,noise_var_decreasing
2025-03-06,-1.4047181056194358,noise_var_decreasing
2025-03-07,-0.2047229760869202,noise_var_decreasing
2025-03-08,1.015983545803843,noise_var_decreasing
2025-03-09,0.22480763756849675,noise_var_decreasing
2025-03-10,-1.096440577962201,noise_var_decreasing
2025-03-11,1.4642496481273017,noise_var_decreasing
2025-03-12,0.8428830826736738,noise_var_decreasing
2025-03-13,0.8112753731790815,noise_var_decreasing
2025-03-14,0.11072972485100258,noise_var_decreasing
2025-03-15,-0.6710828754323183,noise_var_decreasing
2025-03-16,-0.2446340037529202,noise_var_decreasing
2025-03-17,-0.4882325848650179,noise_var_decreasing
2025-03-18,-0.8859213438014457,noise_var_decreasing
2025-03-19,-0.18228650937061333,noise_var_decreasing
2025-03-20,-1.0246951912153703,noise_var_decreasing
2025-03-21,1.1339891143228775,noise_var_decreasing
2025-03-22,-1.2436355567464907,noise_var_decreasing
2025-03-23,-0.026694974870439543,noise_var_decreasing
2025-03-24,-0.16289850475447964,noise_var_decreasing
2025-03-25,0.08017462557704717,noise_var_decreasing
2025-03-26,0.6174275049089625,noise_var_decreasing
2025-03-27,-0.9277085028820474,noise_var_decreasing
2025-03-28,-1.1422593181136271,noise_var_decreasing
2025-03-29,0.7098503874551485,noise_var_decreasing
2025-03-30,-0.3876005274538093,noise_var_decreasing
2025-03-31,0.2775836465221301,noise_var_decreasing
2025-04-01,-0.31333601012465406,noise_var_decreasing
2025-04-02,-0.3348681866627947,noise_var_decreasing
2025-04-03,0.04369949501084415,noise_var_decreasing
2025-04-04,0.1959533096272739,noise_var_decreasing
2025-04-05,-0.1759257886033179,noise_var_decreasing
2025-04-06,0.21613546487345894,noise_var_decreasing
2025-04-07,0.06614890028834268,noise_var_decreasing
2025-04-08,-0.10119918008824212,noise_var_decreasing
2025-04-09,-0.19446851439253243,noise_var_decreasing
2025-04-10,0.0919830056847701,noise_var_decreasing
2025-01-01,0.013996646598075733,noise_var_increasing
2025-01-02,0.21344763892332755,noise_var_increasing
2025-01-03,0.07101087081359331,noise_var_increasing
2025-01-04,-0.22367430314792044,noise_var_increasing
2025-01-05,-0.0709455544386388,noise_var_increasing
2025-01-06,0.2619289827842413,noise_var_increasing
2025-01-07,0.04382353805283022,noise_var_increasing
2025-01-08,-0.4499968574624863,noise_var_increasing
2025-01-09,-0.05733370107106363,noise_var_increasing
2025-01-10,-0.39200151676624334,noise_var_increasing
2025-01-11,-0.20808020184621923,noise_var_increasing
2025-01-12,1.2779628477020928,noise_var_increasing
2025-01-13,-0.3317496374528319,noise_var_increasing
2025-01-14,-0.5622721058314564,noise_var_increasing
2025-01-15,-0.8944191092591746,noise_var_increasing
2025-01-16,0.6032441227186065,noise_var_increasing
2025-01-17,0.002852582584689794,noise_var_increasing
2025-01-18,0.6668593075461545,noise_var_increasing
2025-01-19,-0.12153442586082873,noise_var_increasing
2025-01-20,0.31176793836735556,noise_var_increasing
2025-01-21,1.064497799987093,noise_var_increasing
2025-01-22,0.22370108579989173,noise_var_increasing
2025-01-23,-0.1534898784427647,noise_var_increasing
2025-01-24,-1.314956878554098,noise_var_increasing
2025-01-25,-0.3096981084990679,noise_var_increasing
2025-01-26,0.5451537266481868,noise_var_increasing
2025-01-27,-0.19983108951925618,noise_var_increasing
2025-01-28,1.7631785767079093,noise_var_increasing
2025-01-29,1.5737513058215893,noise_var_increasing
2025-01-30,-1.0110508113644565,noise_var_increasing
2025-01-31,-1.1183337287278616,noise_var_increasing
2025-02-01,-3.9523810496534177,noise_var_increasing
2025-02-02,0.44354564192706875,noise_var_increasing
2025-02-03,-0.7721984550966486,noise_var_increasing
2025-02-04,2.470130712137062,noise_var_increasing
2025-02-05,-2.7456385717754848,noise_var_increasing
2025-02-06,-0.018345083178911516,noise_var_increasing
2025-02-07,-1.104802065860311,noise_var_increasing
2025-02-08,-1.4063464479223418,noise_var_increasing
2025-02-09,-1.0495129865137434,noise_var_increasing
2025-02-10,-0.8158822925568063,noise_var_increasing
2025-02-11,-0.32788721942571586,noise_var_increasing
2025-02-12,1.7997885106112257,noise_var_increasing
2025-02-13,2.828843621068544,noise_var_increasing
2025-02-14,-0.16935091635409605,noise_var_increasing
2025-02-15,0.474732907395142,noise_var_increasing
2025-02-16,0.5236932138205761,noise_var_increasing
2025-02-17,-0.9065229274285049,noise_var_increasing
2025-02-18,-0.8144786462845637,noise_var_increasing
2025-02-19,0.06087201794039076,noise_var_increasing
2025-02-20,-1.7588910370624977,noise_var_increasing
2025-02-21,-3.4729291055681255,noise_var_increasing
2025-02-22,4.046704313887179,noise_var_increasing
2025-02-23,-0.4091700707745519,noise_var_increasing
2025-02-24,-0.507715800481103,noise_var_increasing
2025-02-25,-0.8698079328313454,noise_var_increasing
2025-02-26,-3.3086527588673205,noise_var_increasing
2025-02-27,-1.7225290529556911,noise_var_increasing
2025-02-28,-2.018746731621146,noise_var_increasing
2025-03-01,-2.1041235645850414,noise_var_increasing
2025-03-02,1.9169469554544507,noise_var_increasing
2025-03-03,1.7769958111119144,noise_var_increasing
2025-03-04,-6.022221111251143,noise_var_increasing
2025-03-05,2.3067993537202804,noise_var_increasing
2025-03-06,0.8101369696604315,noise_var_increasing
2025-03-07,0.8412016687349283,noise_var_increasing
2025-03-08,-3.6084877590302,noise_var_increasing
2025-03-09,-0.2671978614843816,noise_var_increasing
2025-03-10,-1.28224431722367,noise_var_increasing
2025-03-11,0.9916167471867348,noise_var_increasing
2025-03-12,-1.9847670341245014,noise_var_increasing
2025-03-13,-1.1232097862378345,noise_var_increasing
2025-03-14,-2.192876579843933,noise_var_increasing
2025-03-15,0.48512500050714036,noise_var_increasing
2025-03-16,-1.1220925491708504,noise_var_increasing
2025-03-17,1.3264829140716223,noise_var_increasing
2025-03-18,-1.4840167493880598,noise_var_increasing
2025-03-19,-10.247667743209952,noise_var_increasing
2025-03-20,-3.052148875193796,noise_var_increasing
2025-03-21,-3.1757410679282327,noise_var_increasing
2025-03-22,0.7442090896308986,noise_var_increasing
2025-03-23,3.660746220237636,noise_var_increasing
2025-03-24,-6.974588333910207,noise_var_increasing
2025-03-25,2.2578818839431696,noise_var_increasing
2025-03-26,-6.830305238796025,noise_var_increasing
2025-03-27,-0.7385225230520646,noise_var_increasing
2025-03-28,-4.337862004971648,noise_var_increasing
2025-03-29,-1.7024635727097757,noise_var_increasing
2025-03-30,-0.5016095102275655,noise_var_increasing
2025-03-31,0.7669559803207221,noise_var_increasing
2025-04-01,-1.259804868706836,noise_var_increasing
2025-04-02,-6.964353185817753,noise_var_increasing
2025-04-03,8.311926413318316,noise_var_increasing
2025-04-04,-4.745054569311362,noise_var_increasing
2025-04-05,1.78175226473015,noise_var_increasing
2025-04-06,3.1508626163819944,noise_var_increasing
2025-04-07,-4.378131262402615,noise_var_increasing
2025-04-08,0.7712407998778376,noise_var_increasing
2025-04-09,2.258980704867776,noise_var_increasing
2025-04-10,-5.954607291407723,noise_var_increasing
2025-01-01,0.019354472172019146,trend_linear_up_amp_increasing
2025-01-02,0.3234804477623193,trend_linear_up_amp_increasing
2025-01-03,0.8802233905456689,trend_linear_up_amp_increasing
2025-01-04,0.8359830752482127,trend_linear_up_amp_increasing
2025-01-05,-0.130504184558544,trend_linear_up_amp_increasing
2025-01-06,0.06886886256577096,trend_linear_up_amp_increasing
2025-01-07,-0.1334995488294859,trend_linear_up_amp_increasing
2025-01-08,0.839388914032871,trend_linear_up_amp_increasing
2025-01-09,1.2992790913159755,trend_linear_up_amp_increasing
2025-01-10,1.784440440994032,trend_linear_up_amp_increasing
2025-01-11,1.4774546204246028,trend_linear_up_amp_increasing
2025-01-12,0.9702526915265787,trend_linear_up_amp_increasing
2025-01-13,0.6596572895655941,trend_linear_up_amp_increasing
2025-01-14,0.5430065620773109,trend_linear_up_amp_increasing
2025-01-15,1.0691804013091017,trend_linear_up_amp_increasing
2025-01-16,1.7251316709764535,trend_linear_up_amp_increasing
2025-01-17,2.9407270683540827,trend_linear_up_amp_increasing
2025-01-18,2.014090652684457,trend_linear_up_amp_increasing
2025-01-19,1.55794879388074,trend_linear_up_amp_increasing
2025-01-20,0.9659203445080863,trend_linear_up_amp_increasing
2025-01-21,1.3696904489478587,trend_linear_up_amp_increasing
2025-01-22,2.1999522111159404,trend_linear_up_amp_increasing
2025-01-23,3.0812412156869695,trend_linear_up_amp_increasing
2025-01-24,2.913761488690452,trend_linear_up_amp_increasing
2025-01-25,2.984357423706926,trend_linear_up_amp_increasing
2025-01-26,2.075420313268765,trend_linear_up_amp_increasing
2025-01-27,1.4947939030510866,trend_linear_up_amp_increasing
2025-01-28,1.9868857552289647,trend_linear_up_amp_increasing
2025-01-29,2.9051341673208895,trend_linear_up_amp_increasing
2025-01-30,4.117506967724226,trend_linear_up_amp_increasing
2025-01-31,4.329279425207998,trend_linear_up_amp_increasing
2025-02-01,3.4256606988073304,trend_linear_up_amp_increasing
2025-02-02,2.696151193869662,trend_linear_up_amp_increasing
2025-02-03,2.5680035764039033,trend_linear_up_amp_increasing
2025-02-04,2.0941710918588017,trend_linear_up_amp_increasing
2025-02-05,3.2389008417339706,trend_linear_up_amp_increasing
2025-02-06,4.935906839687702,trend_linear_up_amp_increasing
2025-02-07,5.348728926982247,trend_linear_up_amp_increasing
2025-02-08,4.328851792588223,trend_linear_up_amp_increasing
2025-02-09,3.282807472200506,trend_linear_up_amp_increasing
2025-02-10,2.5279980296660325,trend_linear_up_amp_increasing
2025-02-11,3.377470775829316,trend_linear_up_amp_increasing
2025-02-12,4.44502302754938,trend_linear_up_amp_increasing
2025-02-13,5.303261286770281,trend_linear_up_amp_increasing
2025-02-14,5.921617788482237,trend_linear_up_amp_increasing
2025-02-15,5.006546374593555,trend_linear_up_amp_increasing
2025-02-16,3.793603933351519,trend_linear_up_amp_increasing
2025-02-17,3.2751890087644626,trend_linear_up_amp_increasing
2025-02-18,3.4099586038067016,trend_linear_up_amp_increasing
2025-02-19,4.899072050059394,trend_linear_up_amp_increasing
2025-02-20,6.312530956256113,trend_linear_up_amp_increasing
2025-02-21,6.894813269386201,trend_linear_up_amp_increasing
2025-02-22,6.035705327291253,trend_linear_up_amp_increasing
2025-02-23,4.621985895305282,trend_linear_up_amp_increasing
2025-02-24,3.3555272226725967,trend_linear_up_amp_increasing
2025-02-25,3.99418280315889,trend_linear_up_amp_increasing
2025-02-26,5.570559810839335,trend_linear_up_amp_increasing
2025-02-27,7.0753460030828235,trend_linear_up_amp_increasing
2025-02-28,7.4332987793174174,trend_linear_up_amp_increasing
2025-03-01,7.058887095939599,trend_linear_up_amp_increasing
2025-03-02,5.007069593332074,trend_linear_up_amp_increasing
2025-03-03,3.937764088324133,trend_linear_up_amp_increasing
2025-03-04,4.75564376961858,trend_linear_up_amp_increasing
2025-03-05,6.045180248895385,trend_linear_up_amp_increasing
2025-03-06,8.081900208730126,trend_linear_up_amp_increasing
2025-03-07,8.435035169071565,trend_linear_up_amp_increasing
2025-03-08,7.58059390752312,trend_linear_up_amp_increasing
2025-03-09,5.613832801588557,trend_linear_up_amp_increasing
2025-03-10,4.3081343963613685,trend_linear_up_amp_increasing
2025-03-11,5.579184144861791,trend_linear_up_amp_increasing
2025-03-12,7.172596533628313,trend_linear_up_amp_increasing
2025-03-13,9.180976628759977,trend_linear_up_amp_increasing
2025-03-14,9.263295708844439,trend_linear_up_amp_increasing
2025-03-15,8.501165234304231,trend_linear_up_amp_increasing
2025-03-16,6.5557258149885405,trend_linear_up_amp_increasing
2025-03-17,5.205847015017261,trend_linear_up_amp_increasing
2025-03-18,5.470324293712018,trend_linear_up_amp_increasing
2025-03-19,7.490795515218884,trend_linear_up_amp_increasing
2025-03-20,9.690484506386024,trend_linear_up_amp_increasing
2025-03-21,9.96090833728796,trend_linear_up_amp_increasing
2025-03-22,9.379266142431023,trend_linear_up_amp_increasing
2025-03-23,6.686926972471974,trend_linear_up_amp_increasing
2025-03-24,5.6541239548130395,trend_linear_up_amp_increasing
2025-03-25,6.590441357522501,trend_linear_up_amp_increasing
2025-03-26,8.559847942032023,trend_linear_up_amp_increasing
2025-03-27,10.6032504043673,trend_linear_up_amp_increasing
2025-03-28,11.185822065408727,trend_linear_up_amp_increasing
2025-03-29,9.78609746266054,trend_linear_up_amp_increasing
2025-03-30,7.559201526637217,trend_linear_up_amp_increasing
2025-03-31,6.475519714982713,trend_linear_up_amp_increasing
2025-04-01,6.5792617253331285,trend_linear_up_amp_increasing
2025-04-02,9.112979790286905,trend_linear_up_amp_increasing
2025-04-03,11.271396613538348,trend_linear_up_amp_increasing
2025-04-04,12.010084965461305,trend_linear_up_amp_increasing
2025-04-05,10.500310779840193,trend_linear_up_amp_increasing
2025-04-06,8.376905180581485,trend_linear_up_amp_increasing
2025-04-07,6.689781863249489,trend_linear_up_amp_increasing
2025-04-08,7.129337040830741,trend_linear_up_amp_increasing
2025-04-09,9.742113401988691,trend_linear_up_amp_increasing
2025-04-10,11.95416625571053,trend_linear_up_amp_increasing
2025-01-01,0.2895502677362446,autocorr_shift
2025-01-02,0.5166500851612797,autocorr_shift
2025-01-03,0.49161593866617265,autocorr_shift
2025-01-04,0.3356945215842648,autocorr_shift
2025-01-05,0.32418827875712897,autocorr_shift
2025-01-06,0.09082882769341916,autocorr_shift
2025-01-07,0.16871184659119093,autocorr_shift
2025-01-08,0.07410683785288402,autocorr_shift
2025-01-09,0.017445511014649875,autocorr_shift
2025-01-10,0.09094375389637395,autocorr_shift
2025-01-11,0.08893305286636957,autocorr_shift
2025-01-12,-0.006885911150454643,autocorr_shift
2025-01-13,0.018905372940006437,autocorr_shift
2025-01-14,-0.01842308374245464,autocorr_shift
2025-01-15,0.03958154078522218,autocorr_shift
2025-01-16,-0.05325823918167556,autocorr_shift
2025-01-17,0.03466045640091938,autocorr_shift
2025-01-18,0.06515571605429905,autocorr_shift
2025-01-19,0.07914248888897481,autocorr_shift
2025-01-20,0.022205217253510927,autocorr_shift
2025-01-21,0.12974202844685978,autocorr_shift
2025-01-22,0.05172572828716745,autocorr_shift
2025-01-23,0.020872933083572742,autocorr_shift
2025-01-24,-0.0416027466012886,autocorr_shift
2025-01-25,-0.199040200070445,autocorr_shift
2025-01-26,-0.09672484910752249,autocorr_shift
2025-01-27,-0.08542128507824176,autocorr_shift
2025-01-28,-0.05537835759219193,autocorr_shift
2025-01-29,-0.0075883840925431364,autocorr_shift
2025-01-30,0.08874829448056118,autocorr_shift
2025-01-31,0.1575711441336123,autocorr_shift
2025-02-01,0.1583356938235082,autocorr_shift
2025-02-02,0.04750338304449302,autocorr_shift
2025-02-03,0.01674065125748229,autocorr_shift
2025-02-04,0.017727673242796275,autocorr_shift
2025-02-05,0.05911393624948057,autocorr_shift
2025-02-06,0.04446807119614004,autocorr_shift
2025-02-07,0.138766727298822,autocorr_shift
2025-02-08,0.058356450301480636,autocorr_shift
2025-02-09,0.05752081206721059,autocorr_shift
2025-02-10,0.04633129458031506,autocorr_shift
2025-02-11,0.015470741569290663,autocorr_shift
2025-02-12,0.006066927533240902,autocorr_shift
2025-02-13,-0.04442727931558006,autocorr_shift
2025-02-14,-0.008045019694264993,autocorr_shift
2025-02-15,-0.08036808940311585,autocorr_shift
2025-02-16,-0.11310392349706505,autocorr_shift
2025-02-17,-0.1412716506837495,autocorr_shift
2025-02-18,-0.08226158194926578,autocorr_shift
2025-02-19,0.024167731840049785,autocorr_shift
2025-02-20,-0.03213845300676223,autocorr_shift
2025-02-21,-0.10516429570976345,autocorr_shift
2025-02-22,0.08752154261106834,autocorr_shift
2025-02-23,0.08484073617887201,autocorr_shift
2025-02-24,0.14245391229015855,autocorr_shift
2025-02-25,-0.023197288661254502,autocorr_shift
2025-02-26,0.10898076359019826,autocorr_shift
2025-02-27,-0.019712905922934024,autocorr_shift
2025-02-28,0.03222686958074525,autocorr_shift
2025-03-01,-0.07217923347297706,autocorr_shift
2025-03-02,-0.0058864125905927385,autocorr_shift
2025-03-03,-0.1297596820837616,autocorr_shift
2025-03-04,0.08048260602331489,autocorr_shift
2025-03-05,0.07869749498534347,autocorr_shift
2025-03-06,0.026168120390813464,autocorr_shift
2025-03-07,0.14672539895687212,autocorr_shift
2025-03-08,-0.07038769814852902,autocorr_shift
2025-03-09,0.005362486387704073,autocorr_shift
2025-03-10,-0.18722597980347308,autocorr_shift
2025-03-11,0.14295152295385372,autocorr_shift
2025-03-12,0.029345885478852758,autocorr_shift
2025-03-13,0.07628126449905363,autocorr_shift
2025-03-14,-0.1344973580944124,autocorr_shift
2025-03-15,0.15856581198915626,autocorr_shift
2025-03-16,-0.06915772998133032,autocorr_shift
2025-03-17,-0.023112888100161735,autocorr_shift
2025-03-18,0.08955281292642252,autocorr_shift
2025-03-19,-0.030235359869629743,autocorr_shift
2025-03-20,0.07580708846536384,autocorr_shift
2025-03-21,0.02672344668175329,autocorr_shift
2025-03-22,0.1053647068406913,autocorr_shift
2025-03-23,-0.03742094091209463,autocorr_shift
2025-03-24,0.0016502596070453839,autocorr_shift
2025-03-25,0.016425571797966356,autocorr_shift
2025-03-26,0.0027619912524731215,autocorr_shift
2025-03-27,-0.07051943408496124,autocorr_shift
2025-03-28,0.19680279271737036,autocorr_shift
2025-03-29,-0.164623819572115,autocorr_shift
2025-03-30,0.02609446162629645,autocorr_shift
2025-03-31,-0.055632942377094666,autocorr_shift
2025-04-01,0.035246851742895095,autocorr_shift
2025-04-02,-0.26907956827087687,autocorr_shift
2025-04-03,-0.07305704436349186,autocorr_shift
2025-04-04,-0.04508886582205518,autocorr_shift
2025-04-05,0.05110144638295448,autocorr_shift
2025-04-06,-0.025670149064474176,autocorr_shift
2025-04-07,0.15124956693580327,autocorr_shift
2025-04-08,0.0972245067274759,autocorr_shift
2025-04-09,-0.007522652490151289,autocorr_shift
2025-04-10,0.028081386392170903,autocorr_shift
2025-01-01,0.06260891235948023,trend_piecewise
2025-01-02,0.30841175190765957,trend_piecewise
2025-01-03,0.5030360993237428,trend_piecewise
2025-01-04,0.3443105039017443,trend_piecewise
2025-01-05,0.4041329305306083,trend_piecewise
2025-01-06,0.33536691630904336,trend_piecewise
2025-01-07,0.9207991924678652,trend_piecewise
2025-01-08,0.8565260281188266,trend_piecewise
2025-01-09,0.7769414768165412,trend_piecewise
2025-01-10,0.9381178135081933,trend_piecewise
2025-01-11,1.4631589037291144,trend_piecewise
2025-01-12,1.6716473054292817,trend_piecewise
2025-01-13,1.3139070371752348,trend_piecewise
2025-01-14,1.4411250954358588,trend_piecewise
2025-01-15,1.7057252866650279,trend_piecewise
2025-01-16,1.6746691060371057,trend_piecewise
2025-01-17,1.9290173317231638,trend_piecewise
2025-01-18,1.8725828805334221,trend_piecewise
2025-01-19,2.2091100872766334,trend_piecewise
2025-01-20,2.040376361918089,trend_piecewise
2025-01-21,2.311080738875061,trend_piecewise
2025-01-22,2.16134871676431,trend_piecewise
2025-01-23,2.6147995516304716,trend_piecewise
2025-01-24,2.732071490792758,trend_piecewise
2025-01-25,3.0834745399631935,trend_piecewise
2025-01-26,3.1148252982515086,trend_piecewise
2025-01-27,3.115295895251467,trend_piecewise
2025-01-28,3.098069616283858,trend_piecewise
2025-01-29,3.357658789490748,trend_piecewise
2025-01-30,3.7486794482524015,trend_piecewise
2025-01-31,3.641403858915671,trend_piecewise
2025-02-01,3.628296378403997,trend_piecewise
2025-02-02,4.007986365341093,trend_piecewise
2025-02-03,3.7430835130312654,trend_piecewise
2025-02-04,4.289981708515212,trend_piecewise
2025-02-05,4.499010234639306,trend_piecewise
2025-02-06,4.30829514488037,trend_piecewise
2025-02-07,4.299516832565968,trend_piecewise
2025-02-08,4.343563214773062,trend_piecewise
2025-02-09,4.549123467704908,trend_piecewise
2025-02-10,4.876014286436324,trend_piecewise
2025-02-11,4.894379897481419,trend_piecewise
2025-02-12,5.124159786824938,trend_piecewise
2025-02-13,5.206522379894303,trend_piecewise
2025-02-14,5.151553657483614,trend_piecewise
2025-02-15,5.125184366050528,trend_piecewise
2025-02-16,5.296212080376752,trend_piecewise
2025-02-17,5.601690106336258,trend_piecewise
2025-02-18,5.995750692615559,trend_piecewise
2025-02-19,5.563989920384568,trend_piecewise
2025-02-20,6.050684153256256,trend_piecewise
2025-02-21,5.5188928540827735,trend_piecewise
2025-02-22,5.636826396414665,trend_piecewise
2025-02-23,5.807754657891349,trend_piecewise
2025-02-24,5.457334129981289,trend_piecewise
2025-02-25,5.334827887829281,trend_piecewise
2025-02-26,5.273045860289451,trend_piecewise
2025-02-27,5.7542661612383865,trend_piecewise
2025-02-28,5.2261995838069,trend_piecewise
2025-03-01,5.119707817987295,trend_piecewise
2025-03-02,4.895026986067702,trend_piecewise
2025-03-03,4.992550800078388,trend_piecewise
2025-03-04,4.917512712263689,trend_piecewise
2025-03-05,4.711097727077909,trend_piecewise
2025-03-06,4.935333916644537,trend_piecewise
2025-03-07,4.687806195039424,trend_piecewise
2025-03-08,4.473975207783025,trend_piecewise
2025-03-09,4.5860205577364725,trend_piecewise
2025-03-10,4.610913563012699,trend_piecewise
2025-03-11,4.526430567150293,trend_piecewise
2025-03-12,4.187024292747559,trend_piecewise
2025-03-13,4.367321929728997,trend_piecewise
2025-03-14,4.285965478592229,trend_piecewise
2025-03-15,4.007802944271258,trend_piecewise
2025-03-16,3.80555341311093,trend_piecewise
2025-03-17,3.8647124029895057,trend_piecewise
2025-03-18,4.327551925224726,trend_piecewise
2025-03-19,3.8613081480364855,trend_piecewise
2025-03-20,3.60746212916112,trend_piecewise
2025-03-21,3.581096955032649,trend_piecewise
2025-03-22,3.576958093455671,trend_piecewise
2025-03-23,3.3297889091838395,trend_piecewise
2025-03-24,3.261995596180143,trend_piecewise
2025-03-25,2.8902127313137336,trend_piecewise
2025-03-26,2.9708298835891673,trend_piecewise
2025-03-27,2.907489385197651,trend_piecewise
2025-03-28,3.0281781998872566,trend_piecewise
2025-03-29,2.5781187890242396,trend_piecewise
2025-03-30,2.999678966997489,trend_piecewise
2025-03-31,2.9843203436885886,trend_piecewise
2025-04-01,2.739194267527919,trend_piecewise
2025-04-02,2.8865919247906326,trend_piecewise
2025-04-03,2.2093918961245045,trend_piecewise
2025-04-04,2.155098981595806,trend_piecewise
2025-04-05,2.387195644007346,trend_piecewise
2025-04-06,2.368198159186835,trend_piecewise
2025-04-07,1.9596052027004862,trend_piecewise
2025-04-08,1.9391758932151177,trend_piecewise
2025-04-09,2.3425856426088005,trend_piecewise
2025-04-10,2.0761036930390055,trend_piecewise
2025-01-01,1.058545975484487,non_stationary_seasonal_var_increasing
2025-01-02,0.9668120470094128,non_stationary_seasonal_var_increasing
2025-01-03,0.8052253059400756,non_stationary_seasonal_var_increasing
2025-01-04,0.6601630923869604,non_stationary_seasonal_var_increasing
2025-01-05,0.22241751545466143,non_stationary_seasonal_var_increasing
2025-01-06,-0.020504986169418458,non_stationary_seasonal_var_increasing
2025-01-07,-0.39662501167997577,non_stationary_seasonal_var_increasing
2025-01-08,-0.6003914113969177,non_stationary_seasonal_var_increasing
2025-01-09,-0.8124234697773287,non_stationary_seasonal_var_increasing
2025-01-10,-1.0130114109465604,non_stationary_seasonal_var_increasing
2025-01-11,-0.9885555192144382,non_stationary_seasonal_var_increasing
2025-01-12,-0.864456195781971,non_stationary_seasonal_var_increasing
2025-01-13,-0.6993542932414151,non_stationary_seasonal_var_increasing
2025-01-14,-0.5905363911816487,non_stationary_seasonal_var_increasing
2025-01-15,-0.42647542582693543,non_stationary_seasonal_var_increasing
2025-01-16,0.002752480838041957,non_stationary_seasonal_var_increasing
2025-01-17,0.40462769365752776,non_stationary_seasonal_var_increasing
2025-01-18,0.5787182582545598,non_stationary_seasonal_var_increasing
2025-01-19,0.7695348227659539,non_stationary_seasonal_var_increasing
2025-01-20,0.9319331157220359,non_stationary_seasonal_var_increasing
2025-01-21,0.8832636850365603,non_stationary_seasonal_var_increasing
2025-01-22,1.0238020070952616,non_stationary_seasonal_var_increasing
2025-01-23,0.7131985459732297,non_stationary_seasonal_var_increasing
2025-01-24,0.6697619058449281,non_stationary_seasonal_var_increasing
2025-01-25,0.32184565504944096,non_stationary_seasonal_var_increasing
2025-01-26,-0.12403573582754415,non_stationary_seasonal_var_increasing
2025-01-27,-0.44029748699523924,non_stationary_seasonal_var_increasing
2025-01-28,-0.5320715266606675,non_stationary_seasonal_var_increasing
2025-01-29,-0.8566638122513963,non_stationary_seasonal_var_increasing
2025-01-30,-0.986838110949105,non_stationary_seasonal_var_increasing
2025-01-31,-1.2049475151666194,non_stationary_seasonal_var_increasing
2025-02-01,-0.992299841380316,non_stationary_seasonal_var_increasing
2025-02-02,-0.9846177431553741,non_stationary_seasonal_var_increasing
2025-02-03,-0.6679557664981002,non_stationary_seasonal_var_increasing
2025-02-04,-0.5396307686045817,non_stationary_seasonal_var_increasing
2025-02-05,0.048181818435532264,non_stationary_seasonal_var_increasing
2025-02-06,0.45261690967700957,non_stationary_seasonal_var_increasing
2025-02-07,0.6853944962570598,non_stationary_seasonal_var_increasing
2025-02-08,0.7785230895005548,non_stationary_seasonal_var_increasing
2025-02-09,1.047321353958494,non_stationary_seasonal_var_increasing
2025-02-10,0.8670651100682221,non_stationary_seasonal_var_increasing
2025-02-11,1.078935537768196,non_stationary_seasonal_var_increasing
2025-02-12,1.0038218247337976,non_stationary_seasonal_var_increasing
2025-02-13,0.8078969194595773,non_stationary_seasonal_var_increasing
2025-02-14,0.25236702270815436,non_stationary_seasonal_var_increasing
2025-02-15,0.12009564192429448,non_stationary_seasonal_var_increasing
2025-02-16,-0.3704595732175103,non_stationary_seasonal_var_increasing
2025-02-17,-0.6904405403004552,non_stationary_seasonal_var_increasing
2025-02-18,-0.5809297839059002,non_stationary_seasonal_var_increasing
2025-02-19,-0.8847546676594334,non_stationary_seasonal_var_increasing
2025-02-20,-0.8603787967701588,non_stationary_seasonal_var_increasing
2025-02-21,-1.1860336398045697,non_stationary_seasonal_var_increasing
2025-02-22,-1.002127608305694,non_stationary_seasonal_var_increasing
2025-02-23,-0.6083346396807272,non_stationary_seasonal_var_increasing
2025-02-24,-0.245081042201691,non_stationary_seasonal_var_increasing
2025-02-25,-0.28295505942484556,non_stationary_seasonal_var_increasing
2025-02-26,0.23514189650432843,non_stationary_seasonal_var_increasing
2025-02-27,0.6594142801398817,non_stationary_seasonal_var_increasing
2025-02-28,0.8907694638963211,non_stationary_seasonal_var_increasing
2025-03-01,1.007242733753388,non_stationary_seasonal_var_increasing
2025-03-02,0.7693397269487705,non_stationary_seasonal_var_increasing
2025-03-03,1.5067074839677788,non_stationary_seasonal_var_increasing
2025-03-04,0.9202653908212964,non_stationary_seasonal_var_increasing
2025-03-05,0.5500098823009634,non_stationary_seasonal_var_increasing
2025-03-06,0.247886234321352,non_stationary_seasonal_var_increasing
2025-03-07,-0.17006457201543773,non_stationary_seasonal_var_increasing
2025-03-08,-0.30119241738137703,non_stationary_seasonal_var_increasing
2025-03-09,-0.5662263118621446,non_stationary_seasonal_var_increasing
2025-03-10,-0.5624609591706488,non_stationary_seasonal_var_increasing
2025-03-11,-0.9827287424416503,non_stationary_seasonal_var_increasing
2025-03-12,-1.0357662978045186,non_stationary_seasonal_var_increasing
2025-03-13,-0.8992927785605912,non_stationary_seasonal_var_increasing
2025-03-14,-1.0187463480434382,non_stationary_seasonal_var_increasing
2025-03-15,-0.2244195211946552,non_stationary_seasonal_var_increasing
2025-03-16,-0.3049883872817037,non_stationary_seasonal_var_increasing
2025-03-17,-0.23271627255230598,non_stationary_seasonal_var_increasing
2025-03-18,0.4953534835570017,non_stationary_seasonal_var_increasing
2025-03-19,0.6178891947385083,non_stationary_seasonal_var_increasing
2025-03-20,0.7204419335323153,non_stationary_seasonal_var_increasing
2025-03-21,0.8593896233746986,non_stationary_seasonal_var_increasing
2025-03-22,1.227352687666689,non_stationary_seasonal_var_increasing
2025-03-23,0.6238545827163768,non_stationary_seasonal_var_increasing
2025-03-24,0.6307839690050698,non_stationary_seasonal_var_increasing
2025-03-25,0.21781692683236603,non_stationary_seasonal_var_increasing
2025-03-26,0.5280934615499239,non_stationary_seasonal_var_increasing
2025-03-27,0.004525647546938935,non_stationary_seasonal_var_increasing
2025-03-28,-0.15932411965237053,non_stationary_seasonal_var_increasing
2025-03-29,-0.47867993342807474,non_stationary_seasonal_var_increasing
2025-03-30,-0.7502573600045246,non_stationary_seasonal_var_increasing
2025-03-31,-0.4696104978361626,non_stationary_seasonal_var_increasing
2025-04-01,-0.7980847572692927,non_stationary_seasonal_var_increasing
2025-04-02,-1.0519806956163626,non_stationary_seasonal_var_increasing
2025-04-03,-0.9095994506446292,non_stationary_seasonal_var_increasing
2025-04-04,-0.6969795182714018,non_stationary_seasonal_var_increasing
2025-04-05,-0.40066533866831194,non_stationary_seasonal_var_increasing
2025-04-06,-0.03114177459285943,non_stationary_seasonal_var_increasing
2025-04-07,0.3462977533316951,non_stationary_seasonal_var_increasing
2025-04-08,0.6298144208130024,non_stationary_seasonal_var_increasing
2025-04-09,0.6002792895589277,non_stationary_seasonal_var_increasing
2025-04-10,1.0010178658748645,non_stationary_seasonal_var_increasing
2025-01-01,0.9487189034594917,stationary_cycles_var_decreasing
2025-01-02,1.3533675798469882,stationary_cycles_var_decreasing
2025-01-03,0.9746167231267857,stationary_cycles_var_decreasing
2025-01-04,1.087765020631719,stationary_cycles_var_decreasing
2025-01-05,0.30824289606373306,stationary_cycles_var_decreasing
2025-01-06,0.10985515777027369,stationary_cycles_var_decreasing
2025-01-07,-0.2598331982712007,stationary_cycles_var_decreasing
2025-01-08,-1.1988331427556127,stationary_cycles_var_decreasing
2025-01-09,-1.2868191154341897,stationary_cycles_var_decreasing
2025-01-10,-0.6357877834942756,stationary_cycles_var_decreasing
2025-01-11,-0.8701451306198535,stationary_cycles_var_decreasing
2025-01-12,-1.099257680538047,stationary_cycles_var_decreasing
2025-01-13,-0.3384136679283904,stationary_cycles_var_decreasing
2025-01-14,-0.2466399362415101,stationary_cycles_var_decreasing
2025-01-15,-0.8444660873233351,stationary_cycles_var_decreasing
2025-01-16,0.2501086266173513,stationary_cycles_var_decreasing
2025-01-17,0.2420584358781857,stationary_cycles_var_decreasing
2025-01-18,0.1257603346943032,stationary_cycles_var_decreasing
2025-01-19,0.680765148413762,stationary_cycles_var_decreasing
2025-01-20,1.037685771270182,stationary_cycles_var_decreasing
2025-01-21,0.776653707732608,stationary_cycles_var_decreasing
2025-01-22,0.9171937333116514,stationary_cycles_var_decreasing
2025-01-23,0.3981002053005424,stationary_cycles_var_decreasing
2025-01-24,0.5150520886597569,stationary_cycles_var_decreasing
2025-01-25,0.08164347260997601,stationary_cycles_var_decreasing
2025-01-26,-0.41255734887733464,stationary_cycles_var_decreasing
2025-01-27,-0.13272371273079742,stationary_cycles_var_decreasing
2025-01-28,-0.5970825580529087,stationary_cycles_var_decreasing
2025-01-29,-0.667844807379308,stationary_cycles_var_decreasing
2025-01-30,-0.6993834601802111,stationary_cycles_var_decreasing
2025-01-31,-0.6047365636506155,stationary_cycles_var_decreasing
2025-02-01,-0.4965869345147437,stationary_cycles_var_decreasing
2025-02-02,-0.8893609116310564,stationary_cycles_var_decreasing
2025-02-03,-0.05905444028138035,stationary_cycles_var_decreasing
2025-02-04,-0.2031836205316263,stationary_cycles_var_decreasing
2025-02-05,-0.026989563812034448,stationary_cycles_var_decreasing
2025-02-06,-0.08576395288733063,stationary_cycles_var_decreasing
2025-02-07,0.55420834094541,stationary_cycles_var_decreasing
2025-02-08,0.4116883686414501,stationary_cycles_var_decreasing
2025-02-09,0.5610888501022236,stationary_cycles_var_decreasing
2025-02-10,0.6312156532880061,stationary_cycles_var_decreasing
2025-02-11,0.8880495756940134,stationary_cycles_var_decreasing
2025-02-12,0.46410287129470174,stationary_cycles_var_decreasing
2025-02-13,0.21393612643500928,stationary_cycles_var_decreasing
2025-02-14,0.25588123812429037,stationary_cycles_var_decreasing
2025-02-15,0.01940876739376889,stationary_cycles_var_decreasing
2025-02-16,0.04155435986122874,stationary_cycles_var_decreasing
2025-02-17,-0.6547696962986354,stationary_cycles_var_decreasing
2025-02-18,-0.5568157499185247,stationary_cycles_var_decreasing
2025-02-19,-0.6840567411514851,stationary_cycles_var_decreasing
2025-02-20,-0.5693859402667485,stationary_cycles_var_decreasing
2025-02-21,-1.0102391932763781,stationary_cycles_var_decreasing
2025-02-22,-0.46138724963027394,stationary_cycles_var_decreasing
2025-02-23,-0.32376596515527467,stationary_cycles_var_decreasing
2025-02-24,0.03803688729581878,stationary_cycles_var_decreasing
2025-02-25,-0.0381505638127834,stationary_cycles_var_decreasing
2025-02-26,-0.05371071590302326,stationary_cycles_var_decreasing
2025-02-27,0.30015466847505723,stationary_cycles_var_decreasing
2025-02-28,0.4786197729489514,stationary_cycles_var_decreasing
2025-03-01,0.5508066659259402,stationary_cycles_var_decreasing
2025-03-02,0.5881288424472867,stationary_cycles_var_decreasing
2025-03-03,0.5734748211054497,stationary_cycles_var_decreasing
2025-03-04,0.5496893536756734,stationary_cycles_var_decreasing
2025-03-05,0.34866960090524163,stationary_cycles_var_decreasing
2025-03-06,0.028768948725758664,stationary_cycles_var_decreasing
2025-03-07,-0.04910862288144494,stationary_cycles_var_decreasing
2025-03-08,-0.08387486617638941,stationary_cycles_var_decreasing
2025-03-09,-0.04973130629379524,stationary_cycles_var_decreasing
2025-03-10,-0.43991827493524316,stationary_cycles_var_decreasing
2025-03-11,-0.49700007828471127,stationary_cycles_var_decreasing
2025-03-12,-0.4810064237491852,stationary_cycles_var_decreasing
2025-03-13,-0.5026999080220655,stationary_cycles_var_decreasing
2025-03-14,-0.3758661933859041,stationary_cycles_var_decreasing
2025-03-15,-0.14359129100134774,stationary_cycles_var_decreasing
2025-03-16,-0.08453848187753431,stationary_cycles_var_decreasing
2025-03-17,-0.14555833944758975,stationary_cycles_var_decreasing
2025-03-18,-0.040891176835932797,stationary_cycles_var_decreasing
2025-03-19,0.4820875769413581,stationary_cycles_var_decreasing
2025-03-20,0.3897827123253756,stationary_cycles_var_decreasing
2025-03-21,0.3990909772813991,stationary_cycles_var_decreasing
2025-03-22,0.6386347957913283,stationary_cycles_var_decreasing
2025-03-23,0.4791466048941604,stationary_cycles_var_decreasing
2025-03-24,0.15464146374176657,stationary_cycles_var_decreasing
2025-03-25,0.2325278141869635,stationary_cycles_var_decreasing
2025-03-26,0.001082434359883172,stationary_cycles_var_decreasing
2025-03-27,0.026835631309373015,stationary_cycles_var_decreasing
2025-03-28,-0.19420955276774726,stationary_cycles_var_decreasing
2025-03-29,-0.15135219565960484,stationary_cycles_var_decreasing
2025-03-30,-0.35249257629915587,stationary_cycles_var_decreasing
2025-03-31,-0.3350692967241723,stationary_cycles_var_decreasing
2025-04-01,-0.38463369895404126,stationary_cycles_var_decreasing
2025-04-02,-0.458711143076595,stationary_cycles_var_decreasing
2025-04-03,-0.24923992434088654,stationary_cycles_var_decreasing
2025-04-04,-0.28648360887299745,stationary_cycles_var_decreasing
2025-04-05,-0.17505783147592457,stationary_cycles_var_decreasing
2025-04-06,0.058852592373321466,stationary_cycles_var_decreasing
2025-04-07,0.014029885599122063,stationary_cycles_var_decreasing
2025-04-08,0.16509687630344835,stationary_cycles_var_decreasing
2025-04-09,0.29253292344803256,stationary_cycles_var_decreasing
2025-04-10,0.382597963134949,stationary_cycles_var_decreasing
